epoch,step,train_loss
0,9,18444.720703125
0,19,11249.5654296875
0,29,11191.8837890625
0,39,3802.892822265625
0,49,4838.5537109375
0,59,3112.97265625
0,69,1557.6160888671875
0,79,1862.726806640625
0,89,2304.34619140625
0,99,2968.111572265625
0,109,2588.764892578125
0,119,1561.4696044921875
0,129,1864.109619140625
0,139,1173.2874755859375
0,149,1455.553466796875
0,159,1591.734375
0,169,1338.1319580078125
0,179,1322.73681640625
0,189,1070.5244140625
0,199,1053.0018310546875
0,209,695.4219970703125
0,219,951.414794921875
0,229,697.925537109375
0,239,1077.7510986328125
0,249,1246.9423828125
0,259,880.6790161132812
0,269,1106.3551025390625
0,279,580.9695434570312
0,289,860.5481567382812
0,299,1313.449951171875
0,309,1023.2308349609375
0,319,984.397705078125
0,329,1013.2684936523438
0,339,612.1073608398438
0,349,1193.666259765625
0,359,996.90625
0,369,609.4517822265625
0,379,848.4100952148438
0,389,719.7451171875
0,399,632.8345947265625
0,409,450.236083984375
0,419,802.4125366210938
0,429,1127.0650634765625
0,439,888.7784423828125
0,449,967.4220581054688
0,459,455.70745849609375
0,469,559.0880126953125
0,479,730.075927734375
0,489,273.6805725097656
0,499,511.98199462890625
0,509,616.2963256835938
0,519,552.8463134765625
0,529,605.8836059570312
0,539,623.443603515625
0,549,297.5958557128906
0,559,1410.845947265625
0,569,1150.9913330078125
0,579,715.0366821289062
0,589,957.3745727539062
0,599,750.8760375976562
0,609,790.177734375
0,619,560.9102172851562
0,629,525.2041015625
0,639,505.681884765625
0,649,444.234619140625
0,659,459.3475036621094
0,669,339.06988525390625
0,679,364.8822937011719
0,689,550.4649047851562
0,699,660.6099243164062
1,709,327.4638366699219
1,719,283.8055419921875
1,729,259.52008056640625
1,739,223.93722534179688
1,749,374.4922180175781
1,759,246.39572143554688
1,769,495.1629333496094
1,779,718.8580322265625
1,789,261.21630859375
1,799,337.1509094238281
1,809,338.294189453125
1,819,155.27833557128906
1,829,217.09463500976562
1,839,343.5922546386719
1,849,194.68067932128906
1,859,325.2903747558594
1,869,520.4542236328125
1,879,257.78900146484375
1,889,313.0484619140625
1,899,321.3116149902344
1,909,354.8259582519531
1,919,406.08758544921875
1,929,159.89990234375
1,939,497.3377990722656
1,949,285.0938720703125
1,959,322.98773193359375
1,969,158.0750732421875
1,979,226.0413360595703
1,989,152.4971466064453
1,999,172.2000274658203
1,1009,299.1658630371094
1,1019,236.7772674560547
1,1029,146.65628051757812
1,1039,93.33103942871094
1,1049,240.07077026367188
1,1059,242.7465057373047
1,1069,1732.04833984375
1,1079,658.7853393554688
1,1089,456.56610107421875
1,1099,222.081787109375
1,1109,309.2050476074219
1,1119,294.7698974609375
1,1129,214.9606475830078
1,1139,462.6794128417969
1,1149,156.7876434326172
1,1159,226.9319610595703
1,1169,126.79100799560547
1,1179,273.7532958984375
1,1189,367.8138732910156
1,1199,236.4390411376953
1,1209,147.4390106201172
1,1219,160.82659912109375
1,1229,184.87496948242188
1,1239,159.1035919189453
1,1249,123.50952911376953
1,1259,182.31980895996094
1,1269,210.45477294921875
1,1279,156.0436248779297
1,1289,138.8544921875
1,1299,191.6110076904297
1,1309,169.37294006347656
1,1319,135.3654327392578
1,1329,196.98731994628906
1,1339,176.10511779785156
1,1349,180.04769897460938
1,1359,107.73812866210938
1,1369,216.3836212158203
1,1379,103.3200912475586
1,1389,83.91635131835938
1,1399,157.82772827148438
1,1409,74.9917221069336
2,1419,162.877197265625
2,1429,110.37882995605469
2,1439,126.72571563720703
2,1449,165.86888122558594
2,1459,94.7823486328125
2,1469,236.39356994628906
2,1479,67.26810455322266
2,1489,151.79315185546875
2,1499,187.23129272460938
2,1509,68.89564514160156
2,1519,174.97808837890625
2,1529,226.78750610351562
2,1539,203.57176208496094
2,1549,72.89214324951172
2,1559,157.56729125976562
2,1569,106.90535736083984
2,1579,71.0014877319336
2,1589,108.7401351928711
2,1599,83.7455062866211
2,1609,92.01551818847656
2,1619,225.74205017089844
2,1629,257.6007080078125
2,1639,453.0205383300781
2,1649,279.3775634765625
2,1659,108.00885009765625
2,1669,186.6800537109375
2,1679,115.68267059326172
2,1689,108.75312805175781
2,1699,77.20491027832031
2,1709,108.7069091796875
2,1719,68.18274688720703
2,1729,81.33528137207031
2,1739,74.29782104492188
2,1749,63.43326950073242
2,1759,40.048458099365234
2,1769,113.05828094482422
2,1779,103.18653869628906
2,1789,135.19406127929688
2,1799,147.75985717773438
2,1809,131.7365264892578
2,1819,330.37652587890625
2,1829,133.74429321289062
2,1839,119.0462646484375
2,1849,279.5009765625
2,1859,219.33827209472656
2,1869,192.79676818847656
2,1879,115.31851196289062
2,1889,121.49966430664062
2,1899,144.0682830810547
2,1909,95.69186401367188
2,1919,51.35826873779297
2,1929,90.91606140136719
2,1939,60.099388122558594
2,1949,137.02236938476562
2,1959,61.65058135986328
2,1969,164.65966796875
2,1979,82.54348754882812
2,1989,63.3675537109375
2,1999,50.8365364074707
2,2009,122.95674896240234
2,2019,233.60394287109375
2,2029,138.63836669921875
2,2039,87.11668395996094
2,2049,69.25275421142578
2,2059,81.1251449584961
2,2069,90.30024719238281
2,2079,73.0665054321289
2,2089,52.472084045410156
2,2099,68.68968963623047
2,2109,77.4654541015625
2,2119,34.07563781738281
3,2129,28.542829513549805
3,2139,45.46834182739258
3,2149,37.710933685302734
3,2159,48.274559020996094
3,2169,35.71025466918945
3,2179,41.71812438964844
3,2189,73.91446685791016
3,2199,28.308530807495117
3,2209,46.55887222290039
3,2219,69.07452392578125
3,2229,52.77303695678711
3,2239,58.57268524169922
3,2249,59.038848876953125
3,2259,218.1949005126953
3,2269,263.23675537109375
3,2279,162.25234985351562
3,2289,100.49900817871094
3,2299,155.91973876953125
3,2309,131.3542938232422
3,2319,159.1014862060547
3,2329,72.35660552978516
3,2339,170.9469451904297
3,2349,116.68240356445312
3,2359,203.79940795898438
3,2369,72.03472137451172
3,2379,38.10902786254883
3,2389,71.3146743774414
3,2399,52.16399383544922
3,2409,44.543426513671875
3,2419,40.01271057128906
3,2429,32.338687896728516
3,2439,40.59149932861328
3,2449,34.79530334472656
3,2459,38.166419982910156
3,2469,46.81383514404297
3,2479,57.6248779296875
3,2489,48.20813751220703
3,2499,87.97435760498047
3,2509,65.68479919433594
3,2519,52.68395233154297
3,2529,86.99201202392578
3,2539,76.13905334472656
3,2549,279.16888427734375
3,2559,128.50411987304688
3,2569,126.52308654785156
3,2579,185.70803833007812
3,2589,174.87405395507812
3,2599,88.99368286132812
3,2609,146.07862854003906
3,2619,66.51344299316406
3,2629,74.16118621826172
3,2639,52.88017654418945
3,2649,57.08089065551758
3,2659,52.312625885009766
3,2669,69.97570037841797
3,2679,46.553916931152344
3,2689,41.575496673583984
3,2699,31.658357620239258
3,2709,50.05336380004883
3,2719,45.802040100097656
3,2729,16.097623825073242
3,2739,21.421661376953125
3,2749,29.244163513183594
3,2759,43.724117279052734
3,2769,31.956491470336914
3,2779,28.93783187866211
3,2789,32.066001892089844
3,2799,46.31446075439453
3,2809,49.247501373291016
3,2819,97.00379180908203
3,2829,102.92569732666016
4,2839,59.81257629394531
4,2849,81.72795104980469
4,2859,345.7278137207031
4,2869,126.89981079101562
4,2879,138.14495849609375
4,2889,113.5851058959961
4,2899,624.7633666992188
4,2909,256.8504943847656
4,2919,119.83255004882812
4,2929,345.5596618652344
4,2939,108.20327758789062
4,2949,222.50892639160156
4,2959,145.55596923828125
4,2969,100.73326110839844
4,2979,126.07086944580078
4,2989,482.66851806640625
4,2999,86.59711456298828
4,3009,82.44786834716797
4,3019,53.83096694946289
4,3029,56.41325378417969
4,3039,82.22124481201172
4,3049,66.88886260986328
4,3059,32.642059326171875
4,3069,57.16154479980469
4,3079,35.45840835571289
4,3089,47.867279052734375
4,3099,28.557092666625977
4,3109,28.441614151000977
4,3119,21.588489532470703
4,3129,32.80254364013672
4,3139,31.582735061645508
4,3149,32.121578216552734
4,3159,48.66107940673828
4,3169,37.30521011352539
4,3179,46.103450775146484
4,3189,95.40692138671875
4,3199,68.93618774414062
4,3209,62.386287689208984
4,3219,46.77513122558594
4,3229,41.11894607543945
4,3239,27.465269088745117
4,3249,60.78142547607422
4,3259,26.660964965820312
4,3269,88.26699829101562
4,3279,38.216426849365234
4,3289,48.707916259765625
4,3299,40.4649658203125
4,3309,50.625980377197266
4,3319,40.207054138183594
4,3329,53.77151870727539
4,3339,37.61844253540039
4,3349,65.1905288696289
4,3359,36.3981819152832
4,3369,28.5676212310791
4,3379,19.131383895874023
4,3389,32.42884826660156
4,3399,52.04756164550781
4,3409,38.13349151611328
4,3419,23.65871238708496
4,3429,30.506410598754883
4,3439,56.47365951538086
4,3449,68.66366577148438
4,3459,45.07634353637695
4,3469,37.67988204956055
4,3479,37.56857681274414
4,3489,42.862586975097656
4,3499,32.36713409423828
4,3509,42.32994079589844
4,3519,34.4941520690918
4,3529,74.64208984375
4,3539,51.56535339355469
5,3549,52.910404205322266
5,3559,81.67652893066406
5,3569,49.5574951171875
5,3579,31.676786422729492
5,3589,39.075016021728516
5,3599,51.38240051269531
5,3609,30.062240600585938
5,3619,31.659374237060547
5,3629,20.128555297851562
5,3639,27.432456970214844
5,3649,21.840967178344727
5,3659,79.34486389160156
5,3669,30.66330337524414
5,3679,48.036598205566406
5,3689,91.446533203125
5,3699,118.64857482910156
5,3709,67.24221801757812
5,3719,84.70996856689453
5,3729,38.0362663269043
5,3739,52.25469970703125
5,3749,41.49717330932617
5,3759,28.863332748413086
5,3769,43.54338836669922
5,3779,64.85868072509766
5,3789,39.948951721191406
5,3799,42.17076873779297
5,3809,193.5498504638672
5,3819,60.88806915283203
5,3829,80.98269653320312
5,3839,181.45932006835938
5,3849,195.66815185546875
5,3859,329.87677001953125
5,3869,109.32976531982422
5,3879,234.1013641357422
5,3889,69.29788970947266
5,3899,274.11480712890625
5,3909,123.70243835449219
5,3919,81.6434326171875
5,3929,63.361995697021484
5,3939,59.262596130371094
5,3949,32.72278594970703
5,3959,64.0263442993164
5,3969,77.27891540527344
5,3979,52.72563171386719
5,3989,26.822429656982422
5,3999,29.670225143432617
5,4009,27.418914794921875
5,4019,51.102806091308594
5,4029,38.029239654541016
5,4039,43.052520751953125
5,4049,83.21060943603516
5,4059,27.31353187561035
5,4069,54.24044418334961
5,4079,40.4677619934082
5,4089,52.01248550415039
5,4099,25.13082504272461
5,4109,19.67658805847168
5,4119,44.188133239746094
5,4129,28.046560287475586
5,4139,23.085350036621094
5,4149,18.809982299804688
5,4159,25.02855682373047
5,4169,35.85663604736328
5,4179,33.5206298828125
5,4189,27.648143768310547
5,4199,22.117626190185547
5,4209,18.039791107177734
5,4219,30.474578857421875
5,4229,28.064687728881836
5,4239,27.52447509765625
6,4249,48.00597381591797
6,4259,43.772361755371094
6,4269,44.248294830322266
6,4279,42.16169738769531
6,4289,31.081785202026367
6,4299,24.307289123535156
6,4309,18.179128646850586
6,4319,27.54047966003418
6,4329,32.24412536621094
6,4339,33.56550216674805
6,4349,61.732261657714844
6,4359,21.209474563598633
6,4369,19.057069778442383
6,4379,55.30448532104492
6,4389,63.024173736572266
6,4399,35.49242401123047
6,4409,53.327369689941406
6,4419,31.190710067749023
6,4429,50.17524719238281
6,4439,26.51960563659668
6,4449,37.368778228759766
6,4459,33.96332550048828
6,4469,28.21454429626465
6,4479,31.65842056274414
6,4489,65.62167358398438
6,4499,29.961505889892578
6,4509,58.61474609375
6,4519,52.869441986083984
6,4529,66.92255401611328
6,4539,23.08941078186035
6,4549,12.906187057495117
6,4559,24.275056838989258
6,4569,14.694733619689941
6,4579,17.66259002685547
6,4589,18.271745681762695
6,4599,21.489145278930664
6,4609,28.011234283447266
6,4619,23.32442855834961
6,4629,80.00897216796875
6,4639,32.887413024902344
6,4649,26.060861587524414
6,4659,39.0193977355957
6,4669,48.4256477355957
6,4679,48.41101837158203
6,4689,22.348743438720703
6,4699,64.47618103027344
6,4709,35.02012634277344
6,4719,36.711402893066406
6,4729,22.000322341918945
6,4739,31.680492401123047
6,4749,93.59194946289062
6,4759,95.09516143798828
6,4769,120.55907440185547
6,4779,181.15414428710938
6,4789,68.92771911621094
6,4799,77.20157623291016
6,4809,178.02340698242188
6,4819,48.58023452758789
6,4829,85.38795471191406
6,4839,225.85177612304688
6,4849,88.14312744140625
6,4859,252.1306915283203
6,4869,132.10247802734375
6,4879,40.508148193359375
6,4889,28.573617935180664
6,4899,28.6510009765625
6,4909,47.2786979675293
6,4919,37.67249298095703
6,4929,30.25304412841797
6,4939,50.25697708129883
6,4949,23.480669021606445
7,4959,111.43962860107422
7,4969,40.46460723876953
7,4979,33.022132873535156
7,4989,32.764644622802734
7,4999,12.437104225158691
7,5009,26.771211624145508
7,5019,36.37553787231445
7,5029,35.58395767211914
7,5039,64.03929138183594
7,5049,83.23299407958984
7,5059,62.73346710205078
7,5069,50.94445037841797
7,5079,51.614418029785156
7,5089,32.9531364440918
7,5099,31.690467834472656
7,5109,12.806344032287598
7,5119,46.33062744140625
7,5129,14.031919479370117
7,5139,45.504268646240234
7,5149,17.751758575439453
7,5159,20.080772399902344
7,5169,20.81515884399414
7,5179,22.978532791137695
7,5189,22.6743221282959
7,5199,25.434703826904297
7,5209,22.080358505249023
7,5219,12.090703010559082
7,5229,24.062536239624023
7,5239,34.11736297607422
7,5249,47.35417556762695
7,5259,42.667537689208984
7,5269,56.4822998046875
7,5279,134.0897979736328
7,5289,172.81948852539062
7,5299,214.19708251953125
7,5309,109.35636901855469
7,5319,101.48578643798828
7,5329,61.0059814453125
7,5339,44.146484375
7,5349,30.952634811401367
7,5359,22.884132385253906
7,5369,66.78179931640625
7,5379,32.079566955566406
7,5389,32.083839416503906
7,5399,59.8592529296875
7,5409,22.522029876708984
7,5419,22.06985855102539
7,5429,19.37053108215332
7,5439,29.93716049194336
7,5449,17.858135223388672
7,5459,24.580413818359375
7,5469,18.176616668701172
7,5479,10.464194297790527
7,5489,13.121508598327637
7,5499,29.003725051879883
7,5509,19.18572425842285
7,5519,17.96550941467285
7,5529,27.964130401611328
7,5539,16.771757125854492
7,5549,16.627748489379883
7,5559,16.478063583374023
7,5569,16.320436477661133
7,5579,25.96035385131836
7,5589,24.435415267944336
7,5599,12.694217681884766
7,5609,14.91199779510498
7,5619,24.43775177001953
7,5629,30.052509307861328
7,5639,41.116172790527344
7,5649,25.286645889282227
7,5659,19.326465606689453
8,5669,242.18557739257812
8,5679,45.717613220214844
8,5689,98.29576110839844
8,5699,68.86042785644531
8,5709,416.65802001953125
8,5719,264.36846923828125
8,5729,219.44578552246094
8,5739,104.2415542602539
8,5749,89.72015380859375
8,5759,71.02998352050781
8,5769,82.45507049560547
8,5779,42.08011245727539
8,5789,63.489925384521484
8,5799,35.61497497558594
8,5809,53.18421936035156
8,5819,23.411762237548828
8,5829,35.69611358642578
8,5839,24.28321647644043
8,5849,25.416189193725586
8,5859,25.097782135009766
8,5869,13.377548217773438
8,5879,17.052978515625
8,5889,16.853151321411133
8,5899,10.221972465515137
8,5909,34.266841888427734
8,5919,18.874679565429688
8,5929,12.42357349395752
8,5939,20.19901466369629
8,5949,12.452641487121582
8,5959,17.332935333251953
8,5969,16.552265167236328
8,5979,14.444557189941406
8,5989,10.50088882446289
8,5999,15.403338432312012
8,6009,14.250536918640137
8,6019,13.962602615356445
8,6029,27.707691192626953
8,6039,15.498502731323242
8,6049,11.5307035446167
8,6059,21.641401290893555
8,6069,14.710444450378418
8,6079,25.510631561279297
8,6089,23.56593132019043
8,6099,13.530325889587402
8,6109,17.874034881591797
8,6119,40.124107360839844
8,6129,32.022003173828125
8,6139,45.60502243041992
8,6149,44.39777755737305
8,6159,20.145301818847656
8,6169,45.531028747558594
8,6179,20.198820114135742
8,6189,17.765899658203125
8,6199,14.349320411682129
8,6209,31.245277404785156
8,6219,14.03580379486084
8,6229,21.493030548095703
8,6239,19.15732192993164
8,6249,16.695039749145508
8,6259,8.4603271484375
8,6269,11.924226760864258
8,6279,18.456195831298828
8,6289,16.2388858795166
8,6299,19.6992130279541
8,6309,31.439449310302734
8,6319,25.35457420349121
8,6329,30.471111297607422
8,6339,35.402767181396484
8,6349,79.47321319580078
8,6359,40.82568359375
8,6369,32.52548599243164
9,6379,26.468612670898438
9,6389,303.8088684082031
9,6399,100.25411224365234
9,6409,202.41122436523438
9,6419,86.94647216796875
9,6429,130.44326782226562
9,6439,75.6028823852539
9,6449,46.73780822753906
9,6459,137.59751892089844
9,6469,38.70016860961914
9,6479,70.53070831298828
9,6489,138.09405517578125
9,6499,187.9222869873047
9,6509,73.36566162109375
9,6519,93.83384704589844
9,6529,28.0542049407959
9,6539,40.28260040283203
9,6549,53.52399826049805
9,6559,43.582664489746094
9,6569,66.54769897460938
9,6579,24.269765853881836
9,6589,14.863161087036133
9,6599,38.357269287109375
9,6609,28.87245750427246
9,6619,43.919734954833984
9,6629,37.665809631347656
9,6639,23.890295028686523
9,6649,33.24995803833008
9,6659,33.30150604248047
9,6669,22.560466766357422
9,6679,21.046607971191406
9,6689,18.038341522216797
9,6699,6.158514499664307
9,6709,18.962127685546875
9,6719,13.960132598876953
9,6729,13.922017097473145
9,6739,13.586089134216309
9,6749,10.92984390258789
9,6759,13.463955879211426
9,6769,39.03797149658203
9,6779,50.3597297668457
9,6789,28.399606704711914
9,6799,32.15972137451172
9,6809,10.632844924926758
9,6819,15.914257049560547
9,6829,10.650856018066406
9,6839,19.938737869262695
9,6849,16.772756576538086
9,6859,9.94658088684082
9,6869,12.875323295593262
9,6879,14.809784889221191
9,6889,4.664952278137207
9,6899,16.25261116027832
9,6909,10.923158645629883
9,6919,19.786006927490234
9,6929,49.43343734741211
9,6939,60.7399787902832
9,6949,41.05039978027344
9,6959,56.4207649230957
9,6969,98.4524154663086
9,6979,35.91695785522461
9,6989,388.5085144042969
9,6999,561.6520385742188
9,7009,128.05682373046875
9,7019,73.44673919677734
9,7029,111.0259017944336
9,7039,192.710693359375
9,7049,56.720523834228516
9,7059,101.58332061767578
9,7069,36.026771545410156
9,7079,23.713380813598633
10,7089,70.04547882080078
10,7099,19.169971466064453
10,7109,22.501436233520508
10,7119,31.905019760131836
10,7129,19.365619659423828
10,7139,18.352617263793945
10,7149,24.505285263061523
10,7159,68.64788818359375
10,7169,20.465803146362305
10,7179,26.41625213623047
10,7189,17.918601989746094
10,7199,26.446561813354492
10,7209,20.914655685424805
10,7219,14.892534255981445
10,7229,18.80082893371582
10,7239,36.52911376953125
10,7249,19.19573402404785
10,7259,22.23822784423828
10,7269,16.976093292236328
10,7279,11.81768798828125
10,7289,26.32471466064453
10,7299,13.224599838256836
10,7309,15.382879257202148
10,7319,13.461138725280762
10,7329,11.487099647521973
10,7339,6.403828144073486
10,7349,15.926472663879395
10,7359,11.701910018920898
10,7369,23.248918533325195
10,7379,15.907696723937988
10,7389,9.955585479736328
10,7399,13.065491676330566
10,7409,13.015766143798828
10,7419,6.386118412017822
10,7429,18.4024715423584
10,7439,11.928166389465332
10,7449,20.90555191040039
10,7459,11.065935134887695
10,7469,11.418396949768066
10,7479,5.885373115539551
10,7489,16.16571044921875
10,7499,15.794380187988281
10,7509,40.28614807128906
10,7519,20.782814025878906
10,7529,14.917657852172852
10,7539,31.836645126342773
10,7549,25.816871643066406
10,7559,12.922564506530762
10,7569,15.161192893981934
10,7579,14.909021377563477
10,7589,15.988903999328613
10,7599,8.753870964050293
10,7609,25.914627075195312
10,7619,18.502113342285156
10,7629,7.9842047691345215
10,7639,24.501768112182617
10,7649,27.76618766784668
10,7659,9.231551170349121
10,7669,10.437095642089844
10,7679,9.27883529663086
10,7689,8.408556938171387
10,7699,15.28395938873291
10,7709,13.765664100646973
10,7719,12.300419807434082
10,7729,13.704501152038574
10,7739,12.363734245300293
10,7749,17.1544132232666
10,7759,15.329665184020996
10,7769,7.213995933532715
10,7779,38.61965560913086
11,7789,18.981611251831055
11,7799,12.46798324584961
11,7809,20.623022079467773
11,7819,12.612261772155762
11,7829,11.49035358428955
11,7839,22.583789825439453
11,7849,6.580419540405273
11,7859,9.920446395874023
11,7869,31.77079963684082
11,7879,59.789772033691406
11,7889,16.389883041381836
11,7899,15.110761642456055
11,7909,13.426645278930664
11,7919,27.304794311523438
11,7929,49.35315704345703
11,7939,26.596410751342773
11,7949,76.85627746582031
11,7959,51.09873962402344
11,7969,36.014461517333984
11,7979,65.62041473388672
11,7989,40.4898796081543
11,7999,163.68115234375
11,8009,212.25936889648438
11,8019,56.54294967651367
11,8029,61.011444091796875
11,8039,42.63298416137695
11,8049,47.890628814697266
11,8059,51.766685485839844
11,8069,22.70350456237793
11,8079,19.639747619628906
11,8089,41.03203201293945
11,8099,95.9099349975586
11,8109,51.54157638549805
11,8119,237.82498168945312
11,8129,115.56146240234375
11,8139,216.96377563476562
11,8149,69.55059814453125
11,8159,45.82649230957031
11,8169,52.421409606933594
11,8179,28.92432975769043
11,8189,56.52443313598633
11,8199,146.48269653320312
11,8209,61.22904968261719
11,8219,66.43923950195312
11,8229,37.62372970581055
11,8239,14.21664047241211
11,8249,27.036746978759766
11,8259,33.19894790649414
11,8269,24.100360870361328
11,8279,23.30885124206543
11,8289,13.100502014160156
11,8299,14.428173065185547
11,8309,14.466789245605469
11,8319,11.622401237487793
11,8329,8.141377449035645
11,8339,7.8454108238220215
11,8349,9.989947319030762
11,8359,13.787202835083008
11,8369,6.46773099899292
11,8379,16.408554077148438
11,8389,14.987190246582031
11,8399,9.290984153747559
11,8409,29.714460372924805
11,8419,15.920018196105957
11,8429,6.163175106048584
11,8439,6.77386999130249
11,8449,10.186038970947266
11,8459,15.082208633422852
11,8469,25.43804168701172
11,8479,26.4736270904541
11,8489,22.987367630004883
12,8499,108.01614379882812
12,8509,97.05339050292969
12,8519,60.970394134521484
12,8529,25.361812591552734
12,8539,55.767555236816406
12,8549,23.12123680114746
12,8559,35.25761032104492
12,8569,36.7029914855957
12,8579,49.720909118652344
12,8589,84.00224304199219
12,8599,35.91340637207031
12,8609,23.964296340942383
12,8619,21.86847496032715
12,8629,59.290645599365234
12,8639,29.625703811645508
12,8649,18.83192253112793
12,8659,13.718012809753418
12,8669,27.8541202545166
12,8679,20.266376495361328
12,8689,8.18830680847168
12,8699,19.475337982177734
12,8709,8.326314926147461
12,8719,9.372696876525879
12,8729,8.720174789428711
12,8739,17.47422981262207
12,8749,6.58765983581543
12,8759,7.817066192626953
12,8769,7.81713342666626
12,8779,7.012387752532959
12,8789,9.20386791229248
12,8799,35.85573959350586
12,8809,62.96135711669922
12,8819,54.08280944824219
12,8829,33.399871826171875
12,8839,46.71728515625
12,8849,21.279212951660156
12,8859,24.989105224609375
12,8869,132.7142333984375
12,8879,36.05693435668945
12,8889,26.115859985351562
12,8899,34.803707122802734
12,8909,54.73804473876953
12,8919,82.05712127685547
12,8929,39.545188903808594
12,8939,29.59186363220215
12,8949,18.511159896850586
12,8959,14.4228515625
12,8969,6.6274285316467285
12,8979,7.761447429656982
12,8989,6.086210250854492
12,8999,6.851681709289551
12,9009,6.799335479736328
12,9019,7.735069274902344
12,9029,9.189525604248047
12,9039,5.865570545196533
12,9049,20.499006271362305
12,9059,7.389377593994141
12,9069,6.790775775909424
12,9079,17.039901733398438
12,9089,14.124781608581543
12,9099,17.245492935180664
12,9109,14.457554817199707
12,9119,18.99394416809082
12,9129,6.826378345489502
12,9139,11.626380920410156
12,9149,7.387650489807129
12,9159,4.827605247497559
12,9169,12.172630310058594
12,9179,14.928943634033203
12,9189,6.346707344055176
12,9199,6.0609517097473145
13,9209,11.884977340698242
13,9219,9.24233627319336
13,9229,24.21720314025879
13,9239,12.878083229064941
13,9249,13.619915962219238
13,9259,5.202446937561035
13,9269,7.774935245513916
13,9279,6.73971700668335
13,9289,5.705153465270996
13,9299,8.436060905456543
13,9309,13.458707809448242
13,9319,22.86676788330078
13,9329,12.646440505981445
13,9339,11.395794868469238
13,9349,6.741556167602539
13,9359,7.7110185623168945
13,9369,15.36070728302002
13,9379,31.000001907348633
13,9389,14.744150161743164
13,9399,29.21932601928711
13,9409,29.386938095092773
13,9419,29.378522872924805
13,9429,9.73312759399414
13,9439,11.023873329162598
13,9449,62.54815673828125
13,9459,11.916172981262207
13,9469,55.8646240234375
13,9479,26.80345916748047
13,9489,60.024349212646484
13,9499,46.486507415771484
13,9509,34.262420654296875
13,9519,69.70067596435547
13,9529,24.50040626525879
13,9539,39.16809844970703
13,9549,56.09053039550781
13,9559,31.846139907836914
13,9569,20.421932220458984
13,9579,9.865194320678711
13,9589,10.410558700561523
13,9599,14.598487854003906
13,9609,13.352978706359863
13,9619,46.91100311279297
13,9629,22.620100021362305
13,9639,14.70404052734375
13,9649,20.386194229125977
13,9659,16.08365249633789
13,9669,23.539628982543945
13,9679,28.558345794677734
13,9689,9.154440879821777
13,9699,103.0489730834961
13,9709,88.045166015625
13,9719,61.274417877197266
13,9729,68.95075225830078
13,9739,67.133056640625
13,9749,108.38435363769531
13,9759,98.58934783935547
13,9769,363.3706970214844
13,9779,851.5936279296875
13,9789,333.0328369140625
13,9799,189.25599670410156
13,9809,96.50212860107422
13,9819,90.59510040283203
13,9829,66.51010131835938
13,9839,38.55084991455078
13,9849,31.371723175048828
13,9859,25.045486450195312
13,9869,13.140571594238281
13,9879,9.135124206542969
13,9889,28.051170349121094
13,9899,22.975282669067383
13,9909,14.185108184814453
14,9919,41.34299087524414
14,9929,20.859594345092773
14,9939,48.23495101928711
14,9949,22.777828216552734
14,9959,30.559932708740234
14,9969,36.19225311279297
14,9979,13.282782554626465
14,9989,11.205320358276367
14,9999,26.374710083007812
14,10009,8.752480506896973
14,10019,17.441762924194336
14,10029,11.948049545288086
14,10039,19.090539932250977
14,10049,7.183168411254883
14,10059,6.787890434265137
14,10069,3.7121899127960205
14,10079,4.249320983886719
14,10089,15.08224868774414
14,10099,3.9151432514190674
14,10109,6.463902473449707
14,10119,9.245855331420898
14,10129,6.242396354675293
14,10139,7.163614749908447
14,10149,4.305599689483643
14,10159,7.117769241333008
14,10169,4.441747665405273
14,10179,3.7082605361938477
14,10189,6.270265579223633
14,10199,5.52440071105957
14,10209,3.2760050296783447
14,10219,4.092992782592773
14,10229,12.470819473266602
14,10239,4.528029918670654
14,10249,6.17690372467041
14,10259,11.19237995147705
14,10269,6.018803119659424
14,10279,10.057093620300293
14,10289,5.937274932861328
14,10299,3.489811658859253
14,10309,8.983628273010254
14,10319,7.1353983879089355
14,10329,20.782251358032227
14,10339,6.225986957550049
14,10349,6.025932312011719
14,10359,7.158507347106934
14,10369,5.200100421905518
14,10379,5.09441614151001
14,10389,7.536038875579834
14,10399,5.499351501464844
14,10409,4.93676233291626
14,10419,13.532468795776367
14,10429,8.844200134277344
14,10439,6.889404296875
14,10449,5.712604999542236
14,10459,8.17370319366455
14,10469,10.623364448547363
14,10479,108.65773010253906
14,10489,239.58975219726562
14,10499,174.4462127685547
14,10509,53.549835205078125
14,10519,27.362329483032227
14,10529,29.300323486328125
14,10539,31.935945510864258
14,10549,14.44248104095459
14,10559,17.348405838012695
14,10569,14.381653785705566
14,10579,18.377546310424805
14,10589,9.600297927856445
14,10599,12.743149757385254
14,10609,57.42015075683594
14,10619,39.735748291015625
15,10629,25.046672821044922
15,10639,15.215680122375488
15,10649,18.672029495239258
15,10659,22.216665267944336
15,10669,18.44646644592285
15,10679,9.651405334472656
15,10689,8.680503845214844
15,10699,7.841272830963135
15,10709,11.086979866027832
15,10719,8.526680946350098
15,10729,7.6495680809021
15,10739,4.78688907623291
15,10749,8.21993350982666
15,10759,9.843988418579102
15,10769,9.630450248718262
15,10779,12.01085376739502
15,10789,4.684613227844238
15,10799,4.286405086517334
15,10809,9.661995887756348
15,10819,10.789508819580078
15,10829,37.397071838378906
15,10839,30.30907440185547
15,10849,24.995346069335938
15,10859,15.093352317810059
15,10869,12.460052490234375
15,10879,28.800453186035156
15,10889,18.666786193847656
15,10899,7.294585704803467
15,10909,7.127458572387695
15,10919,22.516401290893555
15,10929,12.295711517333984
15,10939,18.295413970947266
15,10949,24.36542320251465
15,10959,18.754459381103516
15,10969,20.763526916503906
15,10979,9.131307601928711
15,10989,39.677650451660156
15,10999,24.363290786743164
15,11009,20.64776611328125
15,11019,12.810181617736816
15,11029,13.492719650268555
15,11039,7.760662078857422
15,11049,5.392956733703613
15,11059,9.398813247680664
15,11069,9.235099792480469
15,11079,2.2817509174346924
15,11089,109.24545288085938
15,11099,70.50101470947266
15,11109,76.53983306884766
15,11119,54.64415740966797
15,11129,28.758634567260742
15,11139,23.84983253479004
15,11149,36.78667449951172
15,11159,24.1207218170166
15,11169,11.184521675109863
15,11179,27.891891479492188
15,11189,11.873826026916504
15,11199,7.424529075622559
15,11209,7.10484504699707
15,11219,11.739227294921875
15,11229,12.379852294921875
15,11239,7.177853107452393
15,11249,20.944406509399414
15,11259,14.332430839538574
15,11269,23.11223030090332
15,11279,16.840421676635742
15,11289,27.873117446899414
15,11299,18.764007568359375
15,11309,12.576260566711426
15,11319,18.186166763305664
16,11329,25.412443161010742
16,11339,12.803576469421387
16,11349,13.369843482971191
16,11359,12.184288024902344
16,11369,7.458693504333496
16,11379,6.162714004516602
16,11389,16.01707649230957
16,11399,11.151166915893555
16,11409,4.765800952911377
16,11419,7.2262959480285645
16,11429,15.245953559875488
16,11439,8.989851951599121
16,11449,4.234726428985596
16,11459,39.263023376464844
16,11469,14.978901863098145
16,11479,24.413362503051758
16,11489,94.15998840332031
16,11499,36.65982437133789
16,11509,41.86970901489258
16,11519,90.03604888916016
16,11529,116.33219909667969
16,11539,89.07369232177734
16,11549,74.25321960449219
16,11559,55.728973388671875
16,11569,151.15794372558594
16,11579,64.67064666748047
16,11589,52.70539855957031
16,11599,36.4256477355957
16,11609,34.196441650390625
16,11619,26.132070541381836
16,11629,25.148427963256836
16,11639,17.369190216064453
16,11649,16.90782356262207
16,11659,15.948846817016602
16,11669,29.630895614624023
16,11679,26.9725341796875
16,11689,23.418325424194336
16,11699,15.643797874450684
16,11709,20.998430252075195
16,11719,9.01297378540039
16,11729,9.74080753326416
16,11739,5.897243976593018
16,11749,4.925381660461426
16,11759,8.98806381225586
16,11769,20.51408576965332
16,11779,7.184303283691406
16,11789,7.677590847015381
16,11799,6.024652481079102
16,11809,7.71832275390625
16,11819,34.52197265625
16,11829,22.954843521118164
16,11839,27.919221878051758
16,11849,18.25217056274414
16,11859,32.80870819091797
16,11869,23.02214813232422
16,11879,26.18002700805664
16,11889,18.267658233642578
16,11899,37.58328628540039
16,11909,13.649236679077148
16,11919,37.156524658203125
16,11929,7.708413124084473
16,11939,7.551968097686768
16,11949,5.0053181648254395
16,11959,7.449558258056641
16,11969,9.19721794128418
16,11979,10.892511367797852
16,11989,17.380510330200195
16,11999,5.631528377532959
16,12009,5.0473761558532715
16,12019,5.9571051597595215
16,12029,4.155165195465088
17,12039,4.625552177429199
17,12049,7.117023944854736
17,12059,4.3418169021606445
17,12069,4.202424049377441
17,12079,7.4328484535217285
17,12089,12.890508651733398
17,12099,9.845876693725586
17,12109,18.14426612854004
17,12119,13.352578163146973
17,12129,26.598031997680664
17,12139,33.76524353027344
17,12149,58.377197265625
17,12159,13.995384216308594
17,12169,11.888948440551758
17,12179,8.11833381652832
17,12189,9.545585632324219
17,12199,10.900015830993652
17,12209,4.5039777755737305
17,12219,29.1097469329834
17,12229,21.496278762817383
17,12239,10.689504623413086
17,12249,9.412640571594238
17,12259,12.300569534301758
17,12269,495.81134033203125
17,12279,417.86810302734375
17,12289,231.56898498535156
17,12299,104.50146484375
17,12309,90.31803131103516
17,12319,80.77629852294922
17,12329,46.26225662231445
17,12339,42.27833938598633
17,12349,9.349699974060059
17,12359,21.876384735107422
17,12369,19.062362670898438
17,12379,11.03096866607666
17,12389,8.178508758544922
17,12399,11.932632446289062
17,12409,13.10828685760498
17,12419,18.26973533630371
17,12429,8.944084167480469
17,12439,10.119366645812988
17,12449,10.441798210144043
17,12459,10.258095741271973
17,12469,5.697176933288574
17,12479,4.351205825805664
17,12489,10.04977035522461
17,12499,9.34024429321289
17,12509,9.044461250305176
17,12519,11.486712455749512
17,12529,8.92388916015625
17,12539,9.119324684143066
17,12549,14.960341453552246
17,12559,6.430722236633301
17,12569,8.601011276245117
17,12579,14.05742359161377
17,12589,5.009949684143066
17,12599,4.758713722229004
17,12609,6.272566795349121
17,12619,5.124492645263672
17,12629,7.880043983459473
17,12639,3.6614365577697754
17,12649,7.309973239898682
17,12659,4.425599575042725
17,12669,4.024588108062744
17,12679,4.499491214752197
17,12689,10.177515983581543
17,12699,11.788748741149902
17,12709,13.151259422302246
17,12719,8.183833122253418
17,12729,4.463752269744873
17,12739,3.869142532348633
18,12749,22.34920883178711
18,12759,9.267278671264648
18,12769,19.230241775512695
18,12779,14.157339096069336
18,12789,13.898399353027344
18,12799,9.134899139404297
18,12809,8.929469108581543
18,12819,8.640109062194824
18,12829,15.271201133728027
18,12839,10.04366397857666
18,12849,13.216629028320312
18,12859,14.616947174072266
18,12869,22.732927322387695
18,12879,8.294835090637207
18,12889,5.834109306335449
18,12899,6.490420818328857
18,12909,4.215558052062988
18,12919,7.14064359664917
18,12929,5.145376205444336
18,12939,4.894747734069824
18,12949,4.603124141693115
18,12959,6.758414268493652
18,12969,5.055013179779053
18,12979,5.624506950378418
18,12989,4.940801620483398
18,12999,5.489813804626465
18,13009,7.527238368988037
18,13019,3.062941789627075
18,13029,3.167854070663452
18,13039,8.568158149719238
18,13049,4.036154747009277
18,13059,7.741016387939453
18,13069,9.184870719909668
18,13079,7.255918502807617
18,13089,5.815052032470703
18,13099,6.688579559326172
18,13109,6.815694332122803
18,13119,8.206080436706543
18,13129,6.559648513793945
18,13139,4.350049018859863
18,13149,3.216447353363037
18,13159,3.970136880874634
18,13169,11.223093032836914
18,13179,54.93044662475586
18,13189,18.32546615600586
18,13199,86.65644073486328
18,13209,41.39052963256836
18,13219,34.28915786743164
18,13229,85.01019287109375
18,13239,106.9173812866211
18,13249,45.40373229980469
18,13259,48.53153610229492
18,13269,19.166303634643555
18,13279,18.405357360839844
18,13289,26.363571166992188
18,13299,38.88338851928711
18,13309,54.24554443359375
18,13319,21.416139602661133
18,13329,56.419715881347656
18,13339,51.000370025634766
18,13349,36.36470413208008
18,13359,25.812047958374023
18,13369,40.245933532714844
18,13379,26.215639114379883
18,13389,38.24739074707031
18,13399,68.60502624511719
18,13409,33.38667678833008
18,13419,20.755046844482422
18,13429,17.428878784179688
18,13439,9.046330451965332
18,13449,15.29971981048584
19,13459,7.875887870788574
19,13469,5.298836708068848
19,13479,7.222334861755371
19,13489,5.773142337799072
19,13499,5.300098419189453
19,13509,4.667932033538818
19,13519,5.580306529998779
19,13529,4.305896282196045
19,13539,6.620190143585205
19,13549,11.317116737365723
19,13559,6.929320335388184
19,13569,10.400250434875488
19,13579,9.497602462768555
19,13589,5.417446613311768
19,13599,5.92067813873291
19,13609,7.096495151519775
19,13619,5.901876449584961
19,13629,6.299931526184082
19,13639,3.781128406524658
19,13649,3.923107385635376
19,13659,6.580150127410889
19,13669,3.7849717140197754
19,13679,5.810582637786865
19,13689,25.978031158447266
19,13699,8.111629486083984
19,13709,7.295169353485107
19,13719,9.734406471252441
19,13729,10.079102516174316
19,13739,3.655923843383789
19,13749,4.948090553283691
19,13759,2.5770835876464844
19,13769,4.0164642333984375
19,13779,2.798471689224243
19,13789,3.6595826148986816
19,13799,3.142064332962036
19,13809,2.7626826763153076
19,13819,5.555332183837891
19,13829,7.652429103851318
19,13839,25.71837615966797
19,13849,12.400778770446777
19,13859,15.220009803771973
19,13869,49.499916076660156
19,13879,7.105010032653809
19,13889,5.135266304016113
19,13899,6.566308498382568
19,13909,7.000428676605225
19,13919,10.39513874053955
19,13929,7.16499662399292
19,13939,4.683422565460205
19,13949,5.895657062530518
19,13959,3.422264814376831
19,13969,13.001615524291992
19,13979,6.731934547424316
19,13989,6.9952545166015625
19,13999,7.614804267883301
19,14009,7.016072750091553
19,14019,6.305265426635742
19,14029,5.274058818817139
19,14039,7.287497043609619
19,14049,7.376165866851807
19,14059,22.941436767578125
19,14069,15.926901817321777
19,14079,31.116497039794922
19,14089,43.75197982788086
19,14099,19.57140350341797
19,14109,46.5687370300293
19,14119,16.10866355895996
19,14129,11.7028169631958
19,14139,12.971953392028809
19,14149,25.020160675048828
19,14159,18.023218154907227
20,14169,14.295294761657715
20,14179,12.567925453186035
20,14189,16.3531436920166
20,14199,6.208748817443848
20,14209,3.7336838245391846
20,14219,70.57947540283203
20,14229,66.09791564941406
20,14239,63.89627456665039
20,14249,42.75181579589844
20,14259,64.52477264404297
20,14269,35.26692199707031
20,14279,41.807289123535156
20,14289,32.90079879760742
20,14299,37.65804672241211
20,14309,37.803165435791016
20,14319,15.515829086303711
20,14329,11.770410537719727
20,14339,13.584794044494629
20,14349,6.83779239654541
20,14359,21.419164657592773
20,14369,14.734940528869629
20,14379,50.53932189941406
20,14389,67.02872467041016
20,14399,43.99093246459961
20,14409,33.46076202392578
20,14419,41.59844970703125
20,14429,13.53002643585205
20,14439,19.56435203552246
20,14449,15.89984130859375
20,14459,8.187942504882812
20,14469,4.944809436798096
20,14479,7.84575891494751
20,14489,5.750743389129639
20,14499,5.229136943817139
20,14509,6.113739013671875
20,14519,4.365758419036865
20,14529,3.033778429031372
20,14539,4.741471290588379
20,14549,3.5159506797790527
20,14559,3.850593328475952
20,14569,1.9803911447525024
20,14579,7.25040864944458
20,14589,3.7465922832489014
20,14599,4.418744087219238
20,14609,5.558022975921631
20,14619,6.440658092498779
20,14629,4.353250980377197
20,14639,7.8233184814453125
20,14649,5.913264751434326
20,14659,10.589927673339844
20,14669,11.026485443115234
20,14679,7.585826873779297
20,14689,4.821016311645508
20,14699,5.716211318969727
20,14709,7.2053914070129395
20,14719,6.672333240509033
20,14729,14.324475288391113
20,14739,10.323162078857422
20,14749,7.548503398895264
20,14759,5.348867893218994
20,14769,11.428532600402832
20,14779,13.008313179016113
20,14789,3.5265820026397705
20,14799,4.658649444580078
20,14809,3.4628448486328125
20,14819,5.379977226257324
20,14829,7.623706340789795
20,14839,8.140403747558594
20,14849,9.24463176727295
20,14859,10.473220825195312
21,14869,10.49539852142334
21,14879,9.216633796691895
21,14889,7.639772891998291
21,14899,8.250937461853027
21,14909,5.820837497711182
21,14919,13.630106925964355
21,14929,14.980648040771484
21,14939,7.987966060638428
21,14949,17.016695022583008
21,14959,52.634765625
21,14969,13.588244438171387
21,14979,15.728076934814453
21,14989,8.697447776794434
21,14999,25.27297019958496
21,15009,31.09174346923828
21,15019,9.372740745544434
21,15029,28.978361129760742
21,15039,15.08355712890625
21,15049,18.65285301208496
21,15059,26.535316467285156
21,15069,15.131424903869629
21,15079,19.766643524169922
21,15089,13.593244552612305
21,15099,27.214900970458984
21,15109,10.437121391296387
21,15119,17.651119232177734
21,15129,12.714332580566406
21,15139,8.626385688781738
21,15149,7.659729480743408
21,15159,2.9844043254852295
21,15169,4.293482303619385
21,15179,16.261249542236328
21,15189,13.453439712524414
21,15199,4.981337547302246
21,15209,24.343591690063477
21,15219,26.818246841430664
21,15229,15.682700157165527
21,15239,12.681550025939941
21,15249,8.230644226074219
21,15259,5.829347133636475
21,15269,3.63017201423645
21,15279,8.537457466125488
21,15289,3.998157024383545
21,15299,5.134456157684326
21,15309,5.610538959503174
21,15319,2.8614273071289062
21,15329,2.342742919921875
21,15339,4.076636791229248
21,15349,2.4242889881134033
21,15359,4.652297496795654
21,15369,19.297134399414062
21,15379,3.8614730834960938
21,15389,6.167189121246338
21,15399,6.952630519866943
21,15409,12.87838077545166
21,15419,14.958636283874512
21,15429,3.912789821624756
21,15439,10.05358600616455
21,15449,14.6926851272583
21,15459,6.638988971710205
21,15469,9.800032615661621
21,15479,4.199033737182617
21,15489,4.542100429534912
21,15499,8.943888664245605
21,15509,7.338528156280518
21,15519,10.086723327636719
21,15529,16.76209259033203
21,15539,65.6982421875
21,15549,49.41062927246094
21,15559,29.3438777923584
21,15569,24.744876861572266
22,15579,39.66937255859375
22,15589,79.1681900024414
22,15599,49.17924880981445
22,15609,52.31147766113281
22,15619,23.206422805786133
22,15629,22.426862716674805
22,15639,45.4969367980957
22,15649,29.32198715209961
22,15659,8.97268009185791
22,15669,9.878978729248047
22,15679,12.020339012145996
22,15689,10.182750701904297
22,15699,14.442477226257324
22,15709,12.094649314880371
22,15719,6.694178104400635
22,15729,5.744316101074219
22,15739,5.443723201751709
22,15749,4.577782154083252
22,15759,4.34373140335083
22,15769,3.6986451148986816
22,15779,5.52406120300293
22,15789,3.9054880142211914
22,15799,4.196961402893066
22,15809,9.537307739257812
22,15819,5.281491279602051
22,15829,4.896632671356201
22,15839,4.024404048919678
22,15849,2.686319589614868
22,15859,2.426705837249756
22,15869,1.8843399286270142
22,15879,2.0237338542938232
22,15889,2.077538013458252
22,15899,2.4915103912353516
22,15909,2.0156545639038086
22,15919,3.5920400619506836
22,15929,1.5078459978103638
22,15939,2.74838924407959
22,15949,2.993095636367798
22,15959,2.3933801651000977
22,15969,18.49229621887207
22,15979,16.505294799804688
22,15989,15.331337928771973
22,15999,24.30089569091797
22,16009,10.307717323303223
22,16019,13.352964401245117
22,16029,7.192351818084717
22,16039,7.671204566955566
22,16049,12.768555641174316
22,16059,13.634895324707031
22,16069,4.868177890777588
22,16079,4.716683864593506
22,16089,10.181696891784668
22,16099,4.8059000968933105
22,16109,5.983042240142822
22,16119,3.8392298221588135
22,16129,5.435156345367432
22,16139,4.267813205718994
22,16149,3.39622163772583
22,16159,3.9281208515167236
22,16169,3.744448184967041
22,16179,2.8033697605133057
22,16189,3.5430614948272705
22,16199,3.2343051433563232
22,16209,5.733301639556885
22,16219,23.544523239135742
22,16229,12.016621589660645
22,16239,17.625375747680664
22,16249,17.025833129882812
22,16259,15.9630126953125
22,16269,21.9185791015625
22,16279,9.965481758117676
23,16289,41.130977630615234
23,16299,6.147759914398193
23,16309,35.244998931884766
23,16319,32.39350509643555
23,16329,20.0216064453125
23,16339,48.19355392456055
23,16349,46.97180938720703
23,16359,19.920841217041016
23,16369,13.7039155960083
23,16379,15.468393325805664
23,16389,21.629642486572266
23,16399,20.318662643432617
23,16409,13.401117324829102
23,16419,13.96789836883545
23,16429,27.09274673461914
23,16439,19.390384674072266
23,16449,8.37011432647705
23,16459,8.134530067443848
23,16469,5.426457405090332
23,16479,9.377975463867188
23,16489,7.1929850578308105
23,16499,9.93344783782959
23,16509,3.66674542427063
23,16519,3.900346040725708
23,16529,2.816744804382324
23,16539,2.2380332946777344
23,16549,11.888300895690918
23,16559,3.137274980545044
23,16569,2.5091493129730225
23,16579,3.838590145111084
23,16589,3.445626974105835
23,16599,3.54803204536438
23,16609,2.3265044689178467
23,16619,1.9222217798233032
23,16629,4.425162315368652
23,16639,2.057284116744995
23,16649,2.4013242721557617
23,16659,2.336855888366699
23,16669,2.9249160289764404
23,16679,0.8765625357627869
23,16689,3.025615930557251
23,16699,3.323779344558716
23,16709,3.813347101211548
23,16719,3.093247890472412
23,16729,2.8219103813171387
23,16739,3.5256364345550537
23,16749,4.448819637298584
23,16759,2.952674627304077
23,16769,4.331647872924805
23,16779,2.471829414367676
23,16789,6.637418746948242
23,16799,9.941285133361816
23,16809,6.883896827697754
23,16819,8.457812309265137
23,16829,12.799409866333008
23,16839,7.419467449188232
23,16849,7.2510809898376465
23,16859,7.562670707702637
23,16869,6.5924906730651855
23,16879,30.082523345947266
23,16889,167.85362243652344
23,16899,34.099918365478516
23,16909,65.07963562011719
23,16919,82.83133697509766
23,16929,97.04664611816406
23,16939,62.79161071777344
23,16949,61.24802780151367
23,16959,29.46010971069336
23,16969,25.71515464782715
23,16979,24.351974487304688
23,16989,30.208044052124023
24,16999,12.810099601745605
24,17009,10.744976997375488
24,17019,28.68730354309082
24,17029,15.245049476623535
24,17039,3.466552495956421
24,17049,6.893336772918701
24,17059,6.882680416107178
24,17069,7.032411575317383
24,17079,7.879363536834717
24,17089,25.675580978393555
24,17099,13.051457405090332
24,17109,9.937610626220703
24,17119,5.615832805633545
24,17129,7.478549003601074
24,17139,5.732357025146484
24,17149,4.757539749145508
24,17159,7.265241622924805
24,17169,5.659729480743408
24,17179,8.070096015930176
24,17189,6.409010887145996
24,17199,5.536701679229736
24,17209,3.1052119731903076
24,17219,2.0549018383026123
24,17229,1.2867611646652222
24,17239,2.8125839233398438
24,17249,1.2144914865493774
24,17259,1.777565836906433
24,17269,3.040912389755249
24,17279,1.6132360696792603
24,17289,3.5331432819366455
24,17299,2.3452799320220947
24,17309,1.7838099002838135
24,17319,3.192767858505249
24,17329,4.247175216674805
24,17339,1.9258018732070923
24,17349,3.175877571105957
24,17359,4.305253505706787
24,17369,1.662925362586975
24,17379,2.690519332885742
24,17389,6.381498336791992
24,17399,6.133780479431152
24,17409,5.141438961029053
24,17419,9.073380470275879
24,17429,4.500056743621826
24,17439,7.343173503875732
24,17449,15.296927452087402
24,17459,15.555289268493652
24,17469,6.004544258117676
24,17479,8.331300735473633
24,17489,7.33543586730957
24,17499,5.970513343811035
24,17509,13.594697952270508
24,17519,46.736507415771484
24,17529,15.822793960571289
24,17539,7.706353187561035
24,17549,6.291915416717529
24,17559,7.1134724617004395
24,17569,6.199826717376709
24,17579,4.150241374969482
24,17589,7.989555358886719
24,17599,4.378841400146484
24,17609,11.001904487609863
24,17619,6.716411113739014
24,17629,3.6305525302886963
24,17639,6.416717052459717
24,17649,13.134873390197754
24,17659,5.118649959564209
24,17669,4.219930648803711
24,17679,14.832099914550781
24,17689,18.306392669677734
24,17699,47.90669631958008
25,17709,30.656532287597656
25,17719,16.663827896118164
25,17729,165.85861206054688
25,17739,90.62740325927734
25,17749,139.47564697265625
25,17759,125.83483123779297
25,17769,83.24445343017578
25,17779,83.84260559082031
25,17789,55.72926330566406
25,17799,63.55675506591797
25,17809,22.404870986938477
25,17819,21.981931686401367
25,17829,11.487386703491211
25,17839,6.31339693069458
25,17849,5.927724838256836
25,17859,4.632405757904053
25,17869,5.0556111335754395
25,17879,3.458660125732422
25,17889,3.711345672607422
25,17899,7.54006290435791
25,17909,4.36268949508667
25,17919,2.968831777572632
25,17929,3.487913131713867
25,17939,4.677594184875488
25,17949,2.9659759998321533
25,17959,2.8355326652526855
25,17969,2.8998863697052
25,17979,5.248565673828125
25,17989,1.8034472465515137
25,17999,3.1878178119659424
25,18009,4.116208076477051
25,18019,2.733780860900879
25,18029,4.062068462371826
25,18039,2.4492745399475098
25,18049,1.9303842782974243
25,18059,1.9520596265792847
25,18069,1.6698248386383057
25,18079,1.3755728006362915
25,18089,3.13482928276062
25,18099,1.885124921798706
25,18109,1.5664619207382202
25,18119,2.3454651832580566
25,18129,1.8704168796539307
25,18139,1.513244390487671
25,18149,1.5542126893997192
25,18159,2.8782505989074707
25,18169,3.5043632984161377
25,18179,1.3649630546569824
25,18189,2.4547011852264404
25,18199,1.6328794956207275
25,18209,1.3932068347930908
25,18219,1.3140839338302612
25,18229,1.6404949426651
25,18239,2.8305962085723877
25,18249,2.547264575958252
25,18259,2.7365100383758545
25,18269,1.4846190214157104
25,18279,1.540555477142334
25,18289,1.3461507558822632
25,18299,0.9725145697593689
25,18309,1.7116789817810059
25,18319,1.6614370346069336
25,18329,1.3851908445358276
25,18339,3.3652234077453613
25,18349,2.991446018218994
25,18359,4.053431987762451
25,18369,7.386796951293945
25,18379,4.117194175720215
25,18389,11.435188293457031
25,18399,15.997084617614746
26,18409,9.393787384033203
26,18419,21.48773765563965
26,18429,15.070963859558105
26,18439,6.057955741882324
26,18449,5.531116485595703
26,18459,5.493157386779785
26,18469,6.716818332672119
26,18479,5.308956146240234
26,18489,11.34580135345459
26,18499,6.031118869781494
26,18509,6.546291351318359
26,18519,6.15299654006958
26,18529,7.176246643066406
26,18539,2.810410261154175
26,18549,4.28535270690918
26,18559,2.092855215072632
26,18569,2.4045588970184326
26,18579,2.709162950515747
26,18589,2.6959757804870605
26,18599,5.77479887008667
26,18609,5.123837471008301
26,18619,10.973694801330566
26,18629,6.576533794403076
26,18639,4.40674352645874
26,18649,3.878126382827759
26,18659,8.950994491577148
26,18669,12.682977676391602
26,18679,27.841341018676758
26,18689,20.639039993286133
26,18699,63.313602447509766
26,18709,11.452840805053711
26,18719,22.47113037109375
26,18729,59.39551544189453
26,18739,30.525712966918945
26,18749,65.03443145751953
26,18759,46.7236328125
26,18769,15.423530578613281
26,18779,20.092744827270508
26,18789,16.891672134399414
26,18799,8.076698303222656
26,18809,9.527838706970215
26,18819,15.89603328704834
26,18829,11.183475494384766
26,18839,19.55879783630371
26,18849,11.142690658569336
26,18859,6.0405120849609375
26,18869,7.437994956970215
26,18879,4.991751194000244
26,18889,62.989288330078125
26,18899,125.42174530029297
26,18909,339.0263366699219
26,18919,88.90813446044922
26,18929,401.44781494140625
26,18939,75.16423034667969
26,18949,30.1898250579834
26,18959,49.42121124267578
26,18969,30.970552444458008
26,18979,20.83290672302246
26,18989,12.697304725646973
26,18999,14.942688941955566
26,19009,7.498541831970215
26,19019,3.9579975605010986
26,19029,5.32765007019043
26,19039,3.8643040657043457
26,19049,3.8215222358703613
26,19059,2.2107558250427246
26,19069,2.2918050289154053
26,19079,2.879163980484009
26,19089,5.5950422286987305
26,19099,3.1280901432037354
26,19109,2.7729880809783936
27,19119,2.452197551727295
27,19129,2.3951809406280518
27,19139,5.339696407318115
27,19149,4.223596572875977
27,19159,3.4519128799438477
27,19169,3.6309313774108887
27,19179,1.9750850200653076
27,19189,3.9918203353881836
27,19199,4.199112415313721
27,19209,1.5418236255645752
27,19219,3.7799086570739746
27,19229,2.045137882232666
27,19239,3.258460283279419
27,19249,2.114027738571167
27,19259,1.6256860494613647
27,19269,3.0480659008026123
27,19279,2.572026014328003
27,19289,3.975433111190796
27,19299,3.2727577686309814
27,19309,8.255715370178223
27,19319,3.1701908111572266
27,19329,2.5732011795043945
27,19339,2.2650794982910156
27,19349,2.1566989421844482
27,19359,1.0784844160079956
27,19369,3.6383259296417236
27,19379,4.7428765296936035
27,19389,2.198397397994995
27,19399,2.1114251613616943
27,19409,2.1500630378723145
27,19419,2.418830633163452
27,19429,1.8995747566223145
27,19439,1.339468002319336
27,19449,2.0740110874176025
27,19459,3.369502544403076
27,19469,2.8590469360351562
27,19479,6.079092979431152
27,19489,11.392618179321289
27,19499,3.029522180557251
27,19509,2.448657751083374
27,19519,2.52010440826416
27,19529,2.466326951980591
27,19539,1.9475899934768677
27,19549,3.199130058288574
27,19559,2.2199082374572754
27,19569,3.3339030742645264
27,19579,6.23601770401001
27,19589,5.83449649810791
27,19599,12.612222671508789
27,19609,11.551822662353516
27,19619,32.108253479003906
27,19629,7.0079474449157715
27,19639,15.320075988769531
27,19649,14.548680305480957
27,19659,5.943033695220947
27,19669,4.267592430114746
27,19679,2.791896343231201
27,19689,5.343690872192383
27,19699,5.843735694885254
27,19709,2.9739770889282227
27,19719,3.818549871444702
27,19729,2.6696300506591797
27,19739,3.075580358505249
27,19749,5.294784069061279
27,19759,2.606644868850708
27,19769,2.687382221221924
27,19779,1.6164448261260986
27,19789,1.2303011417388916
27,19799,1.479860544204712
27,19809,2.878906488418579
27,19819,16.953216552734375
28,19829,10.04147720336914
28,19839,43.44371795654297
28,19849,10.76818561553955
28,19859,10.353937149047852
28,19869,8.272442817687988
28,19879,8.177942276000977
28,19889,18.453096389770508
28,19899,9.629276275634766
28,19909,11.417621612548828
28,19919,28.613733291625977
28,19929,18.887998580932617
28,19939,14.848270416259766
28,19949,23.26472282409668
28,19959,21.163673400878906
28,19969,11.384438514709473
28,19979,8.747505187988281
28,19989,5.044560432434082
28,19999,3.2604424953460693
28,20009,4.541496276855469
28,20019,3.546351909637451
